<?xml version="1.0" encoding="UTF-8"?><metadata>
    <idinfo>
        <citation>
            <citeinfo>
                <origin/>
                <pubdate>20140321</pubdate>
                <title>Public Housing Areas</title>
                <geoform>vector digital data</geoform>
                <lworkcit>
                    <citeinfo>
                        <title>DC Geographic Information System</title>
                    </citeinfo>
                </lworkcit>
            </citeinfo>
        </citation>
        <descript>
            <abstract>The DC Housing Authority provides quality affordable housing to extremely low- through moderate-income households, fosters sustainable communities, and cultivates opportunities for residents to improve their lives. The following is a subset of the District Government Land (Owned, Operated, and or managed) dataset that include buildings with a "public housing" use type. </abstract>
            <purpose>A subset of the District's property ownership lots dataset that include buildings with a "public housing" use type.</purpose>
        </descript>
        <status>
            <progress>Complete</progress>
            <update>Monthly</update>
        </status>
        <spdom>
            <bounding>
                <westbc>-77.071351</westbc>
                <eastbc>-76.913735</eastbc>
                <northbc>38.958266</northbc>
                <southbc>38.831013</southbc>
            </bounding>
        </spdom>
        <keywords>
            <theme>
                <themekt>None</themekt>
                <themekey>public housing</themekey>
            </theme>
            <theme>
                <themekt>ISO 19115 Topic Categories</themekt>
                <themekey>society</themekey>
                <themekey>structure</themekey>
            </theme>
            <place>
                <placekt>None</placekt>
                <placekey>washington dc</placekey>
                <placekey>district of columbia</placekey>
                <placekey>dc</placekey>
            </place>
        </keywords>
        <accconst>Other Constraints</accconst>
        <useconst>This work is licensed under a Creative Commons Attribution 4.0 International License.</useconst>
        <ptcontac>
            <cntinfo>
                <cntorgp>
                    <cntorg>Office of the Chief Technology Officer</cntorg>
                </cntorgp>
                <cntpos>GIS Data Coordinator</cntpos>
                <cntaddr>
                    <addrtype>mailing and physical</addrtype>
                    <address>200 I Street SE</address>
                    <city>Washington</city>
                    <state>DC</state>
                    <postal>20003</postal>
                    <country>US</country>
                </cntaddr>
                <cntvoice>(202) 727-2277</cntvoice>
                <cntemail>dcgis@dc.gov</cntemail>
                <hours>8:30 am - 5 pm</hours>
            </cntinfo>
        </ptcontac>
        <datacred>DC Housing Authority</datacred>
        <native>Version 6.2 (Build 9200) ; Esri ArcGIS 10.6.1.9270</native>
    </idinfo>
    <dataqual>
        <attracc>
            <attraccr>Validated by source and/or responsible agency.</attraccr>
        </attracc>
        <logic>In process of validation by source and/or responsible agency.</logic>
        <complete>Data believed to be complete and accurate, subject to change. Digital version compared with original source data for accuracy and completeness. Validated by source and/or responsible agency.</complete>
        <posacc>
            <horizpa>
                <horizpar>Linework digitzed following property lines mainly.</horizpar>
            </horizpa>
        </posacc>
        <posacc>
            <vertacc>
                <vertaccr>N/A</vertaccr>
            </vertacc>
        </posacc>
        <lineage>
            <srcinfo>
                <srccite>
                    <citeinfo>
                        <pubdate>20120101</pubdate>
                        <title>DC Housing Authority Website</title>
                    </citeinfo>
                </srccite>
                <typesrc>onLine</typesrc>
                <srccitea>DC Housing Authority Website</srccitea>
                <srccontr>location and attributes</srccontr>
            </srcinfo>
            <srcinfo>
                <srccite>
                    <citeinfo>
                        <title>Maps from select local housing complex office</title>
                    </citeinfo>
                </srccite>
                <typesrc>None</typesrc>
                <srccitea>Maps from select local housing complex office</srccitea>
                <srccontr>attributes and location</srccontr>
            </srcinfo>
            <srcinfo>
                <srccite>
                    <citeinfo>
                        <pubdate>20080101</pubdate>
                        <title>Vector Property Map</title>
                    </citeinfo>
                </srccite>
                <typesrc>None</typesrc>
                <srccitea>Vector Property Map</srccitea>
                <srccontr>locations</srccontr>
            </srcinfo>
            <procstep>
                <procdesc>Staff removed polygons for Sursum Corda public housing. They are redeveloping that area.</procdesc>
                <procdate>20080324</procdate>
                <proccont>
                    <cntinfo>
                        <cntorgp>
                            <cntorg>Office of the Chief Technology Officer</cntorg>
                        </cntorgp>
                        <cntpos>GIS Data Coordinator</cntpos>
                        <cntaddr>
                            <addrtype>mailing and physical</addrtype>
                            <address>200 I Street SE</address>
                            <city>Washington</city>
                            <state>DC</state>
                            <postal>20003</postal>
                            <country>US</country>
                        </cntaddr>
                        <cntvoice>(202) 727-2277</cntvoice>
                        <cntemail>dcgis@dc.gov</cntemail>
                        <hours>8:30 am - 5 pm</hours>
                    </cntinfo>
                </proccont>
            </procstep>
            <procstep>
                <procdesc>The DC Housing Authority provided a list of public housing addresses as part of the Census LUCA project. Staff goecoded the points to the Master Address Repository. Then, the planimetrics buildings were spatially selected from the public housing address points. From these source layers, staff outlined each public housing area using the property lines. Staff connected property lines across streets and other features to make one polygon dilineating the area.</procdesc>
                <procdate>20080327</procdate>
                <proccont>
                    <cntinfo>
                        <cntorgp>
                            <cntorg>Office of the Chief Technology Officer</cntorg>
                        </cntorgp>
                        <cntpos>GIS Data Coordinator</cntpos>
                        <cntaddr>
                            <addrtype>mailing and physical</addrtype>
                            <address>200 I Street SE</address>
                            <city>Washington</city>
                            <state>DC</state>
                            <postal>20003</postal>
                            <country>US</country>
                        </cntaddr>
                        <cntvoice>(202) 727-2277</cntvoice>
                        <cntemail>dcgis@dc.gov</cntemail>
                        <hours>8:30 am - 5 pm</hours>
                    </cntinfo>
                </proccont>
            </procstep>
            <procstep>
                <procdesc>OCTO GIS staff used the public housing listing and maps contained on the DC Housing Authority website to update these layers. Owner polygons were used in some cases to delineate these areas.</procdesc>
                <procdate>20120525</procdate>
                <proccont>
                    <cntinfo>
                        <cntorgp>
                            <cntorg>Office of the Chief Technology Officer</cntorg>
                        </cntorgp>
                        <cntpos>GIS Data Coordinator</cntpos>
                        <cntaddr>
                            <addrtype>mailing and physical</addrtype>
                            <address>200 I Street SE</address>
                            <city>Washington</city>
                            <state>DC</state>
                            <postal>20003</postal>
                            <country>US</country>
                        </cntaddr>
                        <cntvoice>(202) 727-2277</cntvoice>
                        <cntemail>dcgis@dc.gov</cntemail>
                        <hours>8:30 am - 5 pm</hours>
                    </cntinfo>
                </proccont>
            </procstep>
            <procstep>
                <procdesc>DCHA provided a list of all DCHA properties, including basic information about funding source (whether it was specially funded or not), and address. DCHA also provide limited information about building site via site plan documentation. DC GIS geocoded addresses using the MAR to generate point locations for all properties. Address points for DCHA sites were matched against Owner Polygon layer and site plans to determine approximate property footprint [not building footprint]. Data were also compared against existing public housing dataset to identify properties that previously existed versus new properties. DC GIS staff updated the existing PublicHousingPly table to include the fields "Mixed_Finance" and "OldName" MixedFinance: indicates that public, private, and/or non-profit funds are used to develop and operate housing developments. [U.S. HUD; http://portal.hud.gov/hudportal/HUD?src=/program_offices/public_indian_housing/programs/ph/hope6/mfph] OldName: Property name was changed by DCHA. The former name is maintained in this field.</procdesc>
                <procdate>20140321</procdate>
                <proccont>
                    <cntinfo>
                        <cntorgp>
                            <cntorg>Office of the Chief Technology Officer</cntorg>
                        </cntorgp>
                        <cntpos>GIS Data Coordinator</cntpos>
                        <cntaddr>
                            <addrtype>mailing and physical</addrtype>
                            <address>200 I Street SE</address>
                            <city>Washington</city>
                            <state>DC</state>
                            <postal>20003</postal>
                            <country>US</country>
                        </cntaddr>
                        <cntvoice>(202) 727-2277</cntvoice>
                        <cntemail>dcgis@dc.gov</cntemail>
                        <hours>8:30 am - 5 pm</hours>
                    </cntinfo>
                </proccont>
            </procstep>
            <procstep>
                <procdesc>The DCGIS.PublicHousingAreaPly static layer was retired. Public Housing Areas were updated to pull from the Vector Property Mapping datasets. A definition query to the "District Government Land (Owned, Operated, and or managed)" layer was applied for BUILDING_USE='PUBLIC HOUSING' to display lots containing buildings with public housing.</procdesc>
                <procdate>20230315</procdate>
                <proccont>
                    <cntinfo>
                        <cntorgp>
                            <cntorg>Office of the Chief Technology Officer</cntorg>
                        </cntorgp>
                        <cntpos>GIS Data Coordinator</cntpos>
                        <cntaddr>
                            <addrtype>mailing and physical</addrtype>
                            <address>200 I Street SE</address>
                            <city>Washington</city>
                            <state>DC</state>
                            <postal>20003</postal>
                            <country>US</country>
                        </cntaddr>
                        <cntvoice>(202) 727-2277</cntvoice>
                        <cntemail>dcgis@dc.gov</cntemail>
                        <hours>8:30 am - 5 pm</hours>
                    </cntinfo>
                </proccont>
            </procstep>
        </lineage>
    </dataqual>
    <spdoinfo>
        <direct>Vector</direct>
        <ptvctinf>
            <sdtsterm>
                <sdtstype>GT-polygon composed of chains</sdtstype>
                <ptvctcnt>55</ptvctcnt>
            </sdtsterm>
        </ptvctinf>
    </spdoinfo>
    <eainfo>
        <detailed>
            <enttyp>
                <enttypl>DCGIS.PublicHousingAreaPly</enttypl>
            </enttyp>
            <attr>
                <attrlabl>OBJECTID</attrlabl>
                <attrdef>Internal feature number.</attrdef>
                <attrdefs>ESRI</attrdefs>
                <attrdomv>
                                        					
                    
                    <udom>Sequential unique whole numbers that are automatically generated.</udom>
                                        				
                
                </attrdomv>
            </attr>
            <attr>
                <attrlabl>Shape</attrlabl>
                <attrdef>Feature geometry.</attrdef>
                <attrdefs>ESRI</attrdefs>
                <attrdomv>
                                        					
                    
                    <udom>Coordinates defining the features.</udom>
                                        				
                
                </attrdomv>
            </attr>
            <attr>
                <attrlabl>ADDRESS</attrlabl>
                <attrdef>Premise address of the property. Some Properties may not have a valid address (USPS recognized)</attrdef>
                <attrdefs>OCTO</attrdefs>
            </attr>
            <attr>
                <attrlabl>OWNERSHIP_TYPE</attrlabl>
                <attrdef>3 types (Public, Private, Public/Private) to classified property ownership</attrdef>
                <attrdefs>OCFO</attrdefs>
            </attr>
            <attr>
                <attrlabl>SHAPE.AREA</attrlabl>
            </attr>
            <attr>
                <attrlabl>SHAPE.LEN</attrlabl>
            </attr>
            <attr>
                <attrlabl>BULIDING_USE</attrlabl>
                <attrdef>A description of property usage</attrdef>
                <attrdefs>DGS</attrdefs>
            </attr>
            <attr>
                <attrlabl>USE_CODE</attrlabl>
                <attrdef>Property use code</attrdef>
                <attrdefs>OCFO</attrdefs>
            </attr>
            <attr>
                <attrlabl>USE_DESCRIPTION</attrlabl>
                <attrdef>Property use description</attrdef>
                <attrdefs>OCFO</attrdefs>
            </attr>
            <attr>
                <attrlabl>USE_LONG_DESCRIPTION</attrlabl>
                <attrdef>Property use long description</attrdef>
                <attrdefs>OCFO</attrdefs>
            </attr>
            <attr>
                <attrlabl>AGENCY</attrlabl>
                <attrdef>Managing agency of the property</attrdef>
                <attrdefs>DGS</attrdefs>
            </attr>
            <attr>
                <attrlabl>OWNERNAME</attrlabl>
                <attrdef>Property owner name</attrdef>
                <attrdefs>OCFO</attrdefs>
            </attr>
            <attr>
                <attrlabl>OWNERNAME2</attrlabl>
                <attrdef>Name of second primary owner</attrdef>
                <attrdefs>OCFO</attrdefs>
            </attr>
            <attr>
                <attrlabl>WARD</attrlabl>
                <attrdef>Administrative boundary</attrdef>
                <attrdefs>OP</attrdefs>
            </attr>
        </detailed>
    </eainfo>
    <distinfo>
        <distrib>
            <cntinfo>
                <cntorgp>
                    <cntorg>D.C. Office of the Chief Technology Officer</cntorg>
                    <cntper>GIS Data Coordinator</cntper>
                </cntorgp>
                <cntaddr>
                    <addrtype>mailing and physical</addrtype>
                    <address>200 I Street SE, 5th Floor</address>
                    <city>Washington</city>
                    <state>DC</state>
                    <postal>20003</postal>
                    <country>US</country>
                </cntaddr>
                <cntfax>(202) 727-5660</cntfax>
                <cntemail>dcgis@dc.gov</cntemail>
                <hours>8:30 am - 5 pm</hours>
            </cntinfo>
        </distrib>
        <distliab>See access and use constraints information.</distliab>
        <custom>DC datasets can be downloaded from "http://opendata.dc.gov".</custom>
    </distinfo>
    <metainfo>
        <metd>20240611</metd>
        <metc>
            <cntinfo>
                <cntorgp>
                    <cntorg>Office of the Chief Technology Officer</cntorg>
                </cntorgp>
                <cntpos>GIS Data Coordinator</cntpos>
                <cntaddr>
                    <addrtype>mailing and physical</addrtype>
                    <address>200 I Street SE</address>
                    <city>Washington</city>
                    <state>DC</state>
                    <postal>20003</postal>
                    <country>US</country>
                </cntaddr>
                <cntvoice>(202) 727-2277</cntvoice>
                <cntemail>dcgis@dc.gov</cntemail>
                <hours>8:30 am - 5 pm</hours>
            </cntinfo>
        </metc>
        <metstdn>FGDC Content Standard for Digital Geospatial Metadata</metstdn>
        <metstdv>FGDC-STD-001-1998</metstdv>
        <mettc>local time</mettc>
    </metainfo>
</metadata>
