<?xml version="1.0" encoding="UTF-8"?><metadata>
    <idinfo>
        <citation>
            <citeinfo>
                <origin/>
                <pubdate>20061026</pubdate>
                <title>Hospital Areas</title>
                <geoform>vector digital data</geoform>
                <pubinfo>
                    <pubplace/>
                    <publish>Office of the Chief Technology Officer</publish>
                </pubinfo>
                <lworkcit>
                    <citeinfo>
                        <title>DC Geographic Information System</title>
                    </citeinfo>
                </lworkcit>
            </citeinfo>
        </citation>
        <descript>
            <abstract>Hospitals Areas. This dataset contains hospital areas extracted from the DC property layers. These areas of the District of Columbia hospitals, created as part of the DC Geographic Information System (DC GIS) for the D.C. Office of the Chief Technology Officer (OCTO) and participating D.C. government agencies.</abstract>
            <purpose>This data is used for the planning and management of Washington, D.C. by local government agencies.</purpose>
        </descript>
        <status>
            <progress>In work</progress>
            <update>As needed</update>
        </status>
        <spdom>
            <bounding>
                <westbc>-77.111898</westbc>
                <eastbc>-76.980369</eastbc>
                <northbc>38.944158</northbc>
                <southbc>38.823624</southbc>
            </bounding>
        </spdom>
        <keywords>
            <theme>
                <themekt>None</themekt>
                <themekey>Health Facility</themekey>
                <themekey>Hospital</themekey>
            </theme>
            <theme>
                <themekt>ISO 19115 Topic Categories</themekt>
                <themekey>health</themekey>
            </theme>
            <place>
                <placekt>None</placekt>
                <placekey>DC</placekey>
                <placekey>Washington</placekey>
                <placekey>D.C.</placekey>
                <placekey>District of Columbia</placekey>
                <placekey>DC GIS</placekey>
                <placekey>DCGIS</placekey>
            </place>
        </keywords>
        <accconst>Other Constraints</accconst>
        <useconst>This work is licensed under a Creative Commons Attribution 4.0 International License.</useconst>
        <ptcontac>
            <cntinfo>
                <cntorgp>
                    <cntorg>DC Health</cntorg>
                </cntorgp>
                <cntaddr>
                    <addrtype>mailing and physical</addrtype>
                    <address>899 North Capitol Street, NE</address>
                    <city>Washington</city>
                    <state>DC</state>
                    <postal>20002</postal>
                </cntaddr>
                <cntvoice>(202) 442-5955</cntvoice>
                <cntfax>(202) 442-4795</cntfax>
                <cntemail>doh@dc.gov</cntemail>
                <hours>M-F: 8:15 am-4:45 pm</hours>
            </cntinfo>
        </ptcontac>
        <ptcontac>
            <cntinfo>
                <cntorgp>
                    <cntorg>Office of the Chief Technology Officer</cntorg>
                </cntorgp>
                <cntpos>GIS Data Coordinator</cntpos>
                <cntaddr>
                    <addrtype>mailing and physical</addrtype>
                    <address>200 I Street SE, 5th Floor</address>
                    <city>Washington</city>
                    <state>DC</state>
                    <postal>20003</postal>
                    <country>US</country>
                </cntaddr>
                <cntvoice>(202) 727-2277</cntvoice>
                <cntfax>(202) 727-6857</cntfax>
                <cntemail>dcgis@dc.gov</cntemail>
                <hours>8:30 am - 5 pm</hours>
            </cntinfo>
        </ptcontac>
        <datacred>DC Health</datacred>
        <native>Version 6.2 (Build 9200) ; Esri ArcGIS 10.7.1.11595</native>
    </idinfo>
    <dataqual>
        <attracc>
            <attraccr>Data believed to be complete and accurate, subject to change. Digital version compared with original source data for accuracy and completeness. In process of validation by source and/or responsible agency.</attraccr>
        </attracc>
        <logic>In process of validation by source and/or responsible agency.</logic>
        <complete>Data believed to be complete and accurate, subject to change. Digital version compared with original source data for accuracy and completeness. In process of validation by source and/or responsible agency.</complete>
        <posacc>
            <horizpa>
                <horizpar>In process of validation by source and/or responsible agency.</horizpar>
            </horizpa>
        </posacc>
        <posacc>
            <vertacc>
                <vertaccr>N/A</vertaccr>
            </vertacc>
        </posacc>
        <lineage>
            <srcinfo>
                <srccite>
                    <citeinfo>
                        <pubdate>20020101</pubdate>
                        <title>DC General Ambulatory and Emergency Care Centers</title>
                    </citeinfo>
                </srccite>
                <typesrc>onLine</typesrc>
                <srccitea>DC General Ambulatory and Emergency Care Centers</srccitea>
                <srccontr>location</srccontr>
            </srcinfo>
            <srcinfo>
                <srccite>
                    <citeinfo>
                        <title>D.C. Hospital Association</title>
                    </citeinfo>
                </srccite>
                <typesrc>onLine</typesrc>
                <srccitea>D.C. Hospital Association</srccitea>
                <srccontr>locations</srccontr>
            </srcinfo>
            <procstep>
                <procdesc>Hospital service areas was created from the regular, non-specialty hospitals, a subset of the hospitals, using the Thiessen Polgon Generator Tool.</procdesc>
            </procstep>
            <procstep>
                <procdesc>Hospitals were identified from lists published by the D.C. Hospital Association website and the D.C. Government. A point shapefile was created by geocoding the addresses. These points were compared to the 1995 orthophotographs, the building footprint layer, and the D.C. Real Property Tax owner points for address and ownership information. The square suffix lot attribute was retained as the link to the data from the D.C. Office of Tax and Revenue. A link to the appropriate website was provided for reference. The appropriate building footprint polygon was selected out of the larger footprint data set and created as a separate dataset. Proximity files were created for added functionality in the ArcIMS DC Atlas, allowing the user to query a point and locate the closest facility. These are not for distribution. All DC GIS data is stored and exported in Maryland State Plane coordinates NAD 83 meters.</procdesc>
                <procdate>20010806</procdate>
            </procstep>
            <procstep>
                <procdesc>Updated list from DOH.</procdesc>
                <procdate>20190419</procdate>
            </procstep>
        </lineage>
    </dataqual>
    <spdoinfo>
        <direct>Vector</direct>
        <ptvctinf>
            <sdtsterm>
                <sdtstype>GT-polygon composed of chains</sdtstype>
                <ptvctcnt>0</ptvctcnt>
            </sdtsterm>
        </ptvctinf>
    </spdoinfo>
    <eainfo>
        <detailed>
            <enttyp>
                <enttypl>DCGIS.HospitalPly</enttypl>
            </enttyp>
            <attr>
                <attrlabl>OBJECTID</attrlabl>
                <attrdef>Internal feature number.</attrdef>
                <attrdefs>Esri</attrdefs>
                <attrdomv>
                                        					
                    
                    <udom>Sequential unique whole numbers that are automatically generated.</udom>
                                        				
                
                </attrdomv>
            </attr>
            <attr>
                <attrlabl>ADDRESS</attrlabl>
                <attrdef>Hospital Address</attrdef>
            </attr>
            <attr>
                <attrlabl>NAME</attrlabl>
                <attrdef>Hospital Name</attrdef>
            </attr>
            <attr>
                <attrlabl>SHAPE</attrlabl>
                <attrdef>Feature geometry.</attrdef>
                <attrdefs>Esri</attrdefs>
                <attrdomv>
                                        					
                    
                    <udom>Coordinates defining the features.</udom>
                                        				
                
                </attrdomv>
            </attr>
            <attr>
                <attrlabl>GIS_ID</attrlabl>
                <attrdef>OCTO GIS sequential identifier</attrdef>
                <attrdefs>OCTO</attrdefs>
            </attr>
            <attr>
                <attrlabl>SE_ANNO_CAD_DATA</attrlabl>
            </attr>
            <attr>
                <attrlabl>SHAPE.AREA</attrlabl>
            </attr>
            <attr>
                <attrlabl>SHAPE.LEN</attrlabl>
            </attr>
        </detailed>
    </eainfo>
    <distinfo>
        <distrib>
            <cntinfo>
                <cntorgp>
                    <cntorg>Office of the Chief Technology Officer</cntorg>
                </cntorgp>
                <cntpos>GIS Data Coordinator</cntpos>
                <cntaddr>
                    <addrtype>mailing and physical</addrtype>
                    <address>200 I Street SE, 5th Floor</address>
                    <city>Washington</city>
                    <state>DC</state>
                    <postal>20003</postal>
                    <country>US</country>
                </cntaddr>
                <cntvoice>(202) 727-2277</cntvoice>
                <cntfax>(202) 727-6857</cntfax>
                <cntemail>dcgis@dc.gov</cntemail>
                <hours>8:30 am - 5 pm</hours>
            </cntinfo>
        </distrib>
        <distliab>See access and use constraints information.</distliab>
        <custom>DC datasets can be downloaded from "http://opendata.dc.gov".</custom>
    </distinfo>
    <metainfo>
        <metd>20230824</metd>
        <metc>
            <cntinfo>
                <cntorgp>
                    <cntorg>Office of the Chief Technology Officer</cntorg>
                </cntorgp>
                <cntpos>GIS Data Coordinator</cntpos>
                <cntaddr>
                    <addrtype>mailing and physical</addrtype>
                    <address>200 I Street SE, 5th Floor</address>
                    <city>Washington</city>
                    <state>DC</state>
                    <postal>20003</postal>
                    <country>US</country>
                </cntaddr>
                <cntvoice>(202) 727-2277</cntvoice>
                <cntfax>(202) 727-6857</cntfax>
                <cntemail>dcgis@dc.gov</cntemail>
                <hours>8:30 am - 5 pm</hours>
            </cntinfo>
        </metc>
        <metstdn>FGDC Content Standard for Digital Geospatial Metadata</metstdn>
        <metstdv>FGDC-STD-001-1998</metstdv>
        <mettc>local time</mettc>
    </metainfo>
</metadata>
